"","Date","max","min","mean","sd"
"L2013-07-28",2013-07-28,0.877921030638617,0.123935648976578,0.598249760405357,0.191631366717923
"L2013-08-31",2013-08-31,0.890438244424986,0.0786268114963478,0.692582201967135,0.159866205603756
"L2013-08-31.1",2013-08-31,0.862785409116951,0.17761930572833,0.694251533209079,0.146137678187809
"L2014-07-08",2014-07-08,0.887409685175788,0.17129819820475,0.614036762850713,0.18710888353913
"L2014-07-24",2014-07-24,0.88385911799508,0.129328229015574,0.595251930725387,0.182472096942278
"L2014-08-16",2014-08-16,0.855878048624583,0.155009089007748,0.416931467069786,0.151517032814484
"L2014-09-17",2014-09-17,0.80759331144985,0.104985809618546,0.586180486424958,0.18125227053018
"L2014-09-17.1",2014-09-17,0.792649227051561,0.165040289143743,0.589152709112112,0.170895995096927
"L2015-07-02",2015-07-02,0.871433880900817,0.173007615727388,0.606854541313044,0.182955428005188
"L2015-07-18",2015-07-18,0.822206524899685,0.206093787201071,0.573035531748211,0.150649936611272
"L2015-08-19",2015-08-19,0.871994334186418,0.15883982387404,0.637038326106747,0.191746203710521
"L2015-08-19.1",2015-08-19,0.858241316020819,0.188011482228298,0.639978339299371,0.180754096553542
"L2015-09-04",2015-09-04,0.862510667858823,0.134230012656784,0.633052531759927,0.190466150842423
"L2015-09-13",2015-09-13,0.833333332141164,0.0660760621505495,0.621483011396719,0.183632294913529
"L2015-09-13.1",2015-09-13,0.804951797514154,0.146804528610233,0.625128372104326,0.172904794108867
"S2016-06-03",2016-06-03,0.834813581215807,0.137942248910008,0.568282146389022,0.188667565476504
"S2016-06-03.1",2016-06-03,0.851088193391817,0.0658119640974996,0.562068828648726,0.203262512676057
"S2016-06-23",2016-06-23,0.875162033381183,0.167108740509797,0.617435626592688,0.18326285865001
"L2016-07-13",2016-07-13,0.879055012802521,0.19140487688919,0.641909241204108,0.181525968251046
"S2016-07-13",2016-07-13,0.999914871283873,0.0169314442443358,0.531131106210331,0.228986241301548
"S2016-07-19",2016-07-19,0.893257394240473,0.203016195452588,0.667124093149302,0.185095744604746
"L2016-07-20",2016-07-20,0.902374613151356,0.199539551689929,0.667736803662567,0.187746337591848
"L2016-07-20.1",2016-07-20,0.91498604002978,0.0874999930150805,0.664161755509762,0.200883795879623
"S2016-07-23",2016-07-23,0.891007409466407,0.215815612991966,0.656993685749127,0.185030914511487
"S2016-08-25",2016-08-25,0.879104048270154,0.188503616606508,0.671605713407687,0.187934835436208
"S2016-08-25.1",2016-08-25,0.883347916358421,0.0980799115921171,0.668427879627284,0.20375501255158
"L2016-09-06",2016-09-06,0.906522850879742,0.11084904240931,0.660535338921943,0.195345866315907
"L2016-09-06.1",2016-09-06,0.869415607014802,0.189544020834616,0.663163382059661,0.181726352582695
"S2016-09-14",2016-09-14,0.851399156332301,0.169533362327744,0.656626629745181,0.179097256049772
"S2016-09-14.1",2016-09-14,0.859822308179442,0.0895966037247083,0.653367432937192,0.194969620582461
"S2016-09-17",2016-09-17,0.845102500958919,0.093204422078694,0.651021482014718,0.189249819643874
"S2016-09-17.1",2016-09-17,0.840966112203179,0.176554746062083,0.654459883107067,0.175571245084781
"L2017-06-05",2017-06-05,0.68116138348852,0.0861893252918543,0.474240708590375,0.147671616617242
"S2017-06-08",2017-06-08,0.763685048853291,0.129582535484572,0.544966004660322,0.167477615957028
"S2017-06-08.1",2017-06-08,0.763483428334223,0.0705103264552991,0.537135213487782,0.180681499635299
"S2017-06-11",2017-06-11,0.772191526280986,0.14675524743786,0.556193527268307,0.170241882125624
"L2017-06-14",2017-06-14,0.784834696776321,0.141810712674663,0.558694378867473,0.169349949653598
"S2017-06-14",2017-06-14,0.991736102820582,0.0276681833760237,0.393615426874104,0.265049217456198
"S2017-06-18",2017-06-18,0.835486000857236,0.144842771806084,0.585017518368437,0.174709841208344
"L2017-06-21",2017-06-21,0.858641922985376,0.155349145905426,0.594948945844858,0.180649329508582
"S2017-06-21",2017-06-21,0.858969443866308,0.174051927644155,0.595941623327468,0.179909202652611
"S2017-07-01",2017-07-01,0.937707151715296,0.000404910404626996,0.285740157558096,0.301943266679772
"S2017-07-08",2017-07-08,0.889138593522837,0.187615931126761,0.618234255241245,0.181569640929895
"S2017-07-09",2017-07-09,0.999034298077903,4.60139000091353e-05,0.289925313723081,0.277971058086224
"S2017-07-16",2017-07-16,0.700734105897855,0.236844552573812,0.513422855616594,0.110062824424522
"S2017-08-05",2017-08-05,0.124828213793652,0.000350794760157318,0.0313218138056894,0.021347042863614
"S2017-08-10",2017-08-10,0.981152324722629,0.10452019068404,0.620237499045927,0.191640503288008
"S2017-09-01",2017-09-01,0.864604972021183,0.150664181776903,0.620241223454974,0.166022599669806
"S2017-09-07",2017-09-07,0.867169558595384,0.174414555920402,0.639028602358691,0.168239917110049
"S2017-09-07.1",2017-09-07,0.888508558619689,0.0766550543753947,0.640526918108184,0.182608634969801
"S2018-06-03",2018-06-03,0.853181564363661,0.152336886861213,0.571444121793685,0.178671793853448
"S2018-06-03.1",2018-06-03,0.864232455348819,0.0989147380521452,0.566580463932265,0.191515829279642
"S2018-06-13",2018-06-13,0.870794296633375,0.136827920009203,0.575153144613438,0.18123591106564
"S2018-06-13.1",2018-06-13,0.883060634564043,0.0746268767365864,0.569230263405252,0.194622385383764
"S2018-06-14",2018-06-14,0.842304897061786,0.166778546288794,0.538272140509177,0.168031500339363
"S2018-06-18",2018-06-18,0.879511051380055,0.167492890578089,0.590814781665424,0.176958157654627
"S2018-06-18.1",2018-06-18,0.889256981447371,0.0904041626147478,0.586395452794412,0.189599097312905
"S2018-06-21",2018-06-21,0.892206889761168,0.118515607326722,0.601527979185642,0.18535774525686
"S2018-06-26",2018-06-26,0.894692024437483,0.125286766691798,0.596472412741347,0.191113202725459
"S2018-06-28",2018-06-28,0.890754790941487,0.167102476444052,0.603340360640014,0.181798243430526
"S2018-06-28.1",2018-06-28,0.900329101910464,0.0388740035410233,0.597024193802135,0.194522310225463
"L2018-07-03",2018-07-03,0.914194063140548,0.11554526495717,0.596053535380432,0.201918276493026
"L2018-07-03.1",2018-07-03,0.898372065145343,0.167417851379736,0.59881318476098,0.189193450139454
"S2018-07-03",2018-07-03,0.898116257326404,0.140218414176532,0.599849801281303,0.192895618273436
"S2018-07-03.1",2018-07-03,0.906903528450588,0.0864978916218165,0.59364164789804,0.206223265551185
"L2018-07-10",2018-07-10,0.905261133980923,0.174326609724288,0.610141579007414,0.189152734651663
"S2018-07-11",2018-07-11,0.90236558989583,0.166181620664877,0.616697709118509,0.186407094290325
"S2018-07-11.1",2018-07-11,0.91198501976355,0.0947429332362993,0.612877328436215,0.199636453592995
"S2018-07-13",2018-07-13,0.898675675156994,0.144158050655818,0.603060147711124,0.190234491056448
"S2018-07-13.1",2018-07-13,0.907419709987586,0.0892784290227244,0.598265637165817,0.204453545125111
"S2018-07-14",2018-07-14,0.890744444325103,0.168072176853366,0.613949428588449,0.179378309266024
"S2018-07-16",2018-07-16,0.912677746544181,0.092940135316262,0.606888924954827,0.2041625542947
"S2018-07-18",2018-07-18,0.889425427510264,0.207425718779293,0.620553822580828,0.174617371196489
"S2018-07-18.1",2018-07-18,0.906686112976343,0.123234898634325,0.62131771259125,0.189536456678861
"L2018-07-19",2018-07-19,0.901925207508807,0.191864771542178,0.616899824610013,0.184357537349565
"L2018-07-19.1",2018-07-19,0.912249353529545,0.156441712463358,0.613550636479617,0.196502060577127
"S2018-07-19",2018-07-19,0.911573719148938,0.191269290422113,0.626692732969583,0.193592966828244
"S2018-07-19.1",2018-07-19,0.913004483645709,0.123902450749119,0.616769233519959,0.205602353203712
"S2018-07-21",2018-07-21,0.89698046066582,0.00180469289474258,0.494859359968593,0.270730134097772
"L2018-07-26",2018-07-26,0.99304063281325,0.00404162621398582,0.300466118003626,0.280897700856021
"S2018-07-26",2018-07-26,0.892268857896964,0.205170484623916,0.609490306474166,0.175830900001691
"S2018-07-28",2018-07-28,0.921817522857691,0.096335237036793,0.549078725212972,0.208788459803007
"S2018-07-29",2018-07-29,0.907294324933504,0.196599792467271,0.62088134340471,0.190931942534307
"S2018-07-29.1",2018-07-29,0.913256956115748,0.12675117848654,0.613612077341069,0.203216513736647
"S2018-07-31",2018-07-31,0.86383023664529,0.21223498105221,0.595103048221979,0.164513220691572
"S2018-07-31.1",2018-07-31,0.878732617650161,0.139316823186246,0.594319813801644,0.177014049422448
"S2018-08-10",2018-08-10,0.854235338715874,0.160471311809504,0.590045957103785,0.159176436994709
"S2018-08-13",2018-08-13,0.881286633533364,0.0944493738486619,0.588860830702416,0.167294770544135
"S2018-08-13.1",2018-08-13,0.882008369713883,0.011463293531424,0.583735411932637,0.178122432149116
"L2018-08-20",2018-08-20,0.864344081228717,0.0665563731155819,0.616966861003538,0.181805312794224
"S2018-08-20",2018-08-20,0.885938064635369,0.0671578611218984,0.626924675510545,0.18510118563521
"S2018-08-22",2018-08-22,0.894134586521642,0.138103310309197,0.611139683723638,0.189591390564415
"S2018-08-30",2018-08-30,0.856817946790366,0.174978359293195,0.612561314008059,0.165472075279754
"S2018-09-02",2018-09-02,0.867587118965825,0.170586203543342,0.624602942546338,0.167732404370296
"S2018-09-04",2018-09-04,0.886271636741517,0.155237049625835,0.62508292938965,0.184500949002644
"S2018-09-09",2018-09-09,0.873891147534886,0.160316226861329,0.622540412255281,0.173035408865893
"S2018-09-09.1",2018-09-09,0.88465204677807,0.130481849244545,0.620473825600266,0.185492771204059
"S2018-09-19",2018-09-19,0.86260687763782,0.132955460624189,0.641912639018187,0.166576081459082
"S2018-09-29",2018-09-29,0.846932597163277,0.142476150488076,0.648869079394356,0.168514886405068
"S2019-06-03",2019-06-03,0.819443400990162,0.031853949978055,0.56637732080719,0.17153474654162
"S2019-06-16",2019-06-16,0.878877401812645,0.0666036505451752,0.588692791833072,0.188059639431324
"S2019-06-16.1",2019-06-16,0.862115902261971,0.176769452805491,0.591645551382757,0.175797560239925
"S2019-06-19",2019-06-19,0.89269290182455,0.0658622337072958,0.616433762179933,0.190021214647232
"S2019-06-19.1",2019-06-19,0.885975696295262,0.177854912477497,0.624853475996308,0.179361673510614
"S2019-06-29",2019-06-29,0.772176509852739,0.203585052130343,0.544714718343865,0.136089290851517
"S2019-07-01",2019-07-01,0.888125511655717,0.177273157960594,0.618982293406739,0.18179008183867
"S2019-07-03",2019-07-03,0.893483340308683,0.182420143201623,0.631979736304726,0.177281786293564
"S2019-07-09",2019-07-09,0.349062168685811,0.0248999736948384,0.0705261629254268,0.0425519615331575
"L2019-07-13",2019-07-13,0.872946354011748,0.185620424360821,0.557888067103963,0.175413681742495
"S2019-07-13",2019-07-13,0.864724064695983,0.177107475151141,0.618744349351552,0.168806846570377
"S2019-07-19",2019-07-19,0.952913759456554,0.0013197496760517,0.329808573385673,0.256307063652001
"S2019-07-21",2019-07-21,0.886687554424104,0.173597893364691,0.594426189189008,0.185797270744584
"L2019-07-22",2019-07-22,0.88257553823329,0.168695418836541,0.615137796935891,0.170786421968939
"S2019-07-23",2019-07-23,0.885561274624306,0.182404062355185,0.630003198040621,0.169317084215114
"S2019-07-24",2019-07-24,0.878276012977693,0.178590034724012,0.616435712275077,0.169216158968685
"S2019-07-26",2019-07-26,0.896320301231746,0.108888869664551,0.629254398310637,0.182760474318962
"S2019-07-26.1",2019-07-26,0.88803633987633,0.194991343113951,0.630814230276589,0.170206695073405
"S2019-07-28",2019-07-28,0.908665626689124,0.145260432861616,0.627753564455442,0.186749260502741
"S2019-07-28.1",2019-07-28,0.892728592969124,0.216552162152443,0.627082412640435,0.170690775649709
"L2019-07-29",2019-07-29,0.916971915305769,0.134656492745318,0.624372662754676,0.190185069719949
"L2019-07-29.1",2019-07-29,0.904692988365902,0.18812754681701,0.627211304218761,0.179022301945424
"S2019-07-29",2019-07-29,0.905361298981143,0.151102641290634,0.632616147495983,0.18834199807315
"S2019-07-29.1",2019-07-29,0.903516752141187,0.185293471314354,0.639685475660096,0.177835006473079
"S2019-08-05",2019-08-05,0.844537809170508,0.16544655226971,0.584382868028758,0.161698512093516
"S2019-08-05.1",2019-08-05,0.826560508372666,0.194095323272829,0.5843361048983,0.150327043980907
"S2019-08-07",2019-08-07,0.87791075899061,0.180414666444316,0.614699500303478,0.165349017216345
"L2019-08-23",2019-08-23,0.872357426680419,0.185331902983341,0.595370190979495,0.165775344513514
"S2019-08-23",2019-08-23,0.869780730522651,0.199031635073941,0.607123507485258,0.1659145970185
"S2019-08-28",2019-08-28,0.858249302786351,0.188334310258435,0.618109643106914,0.156224219833406
"L2019-08-30",2019-08-30,0.860486283139466,0.1724359516402,0.607926570322572,0.167615224468214
"L2019-08-30.1",2019-08-30,0.873291270946991,0.123336951280893,0.604788093500692,0.17842142173585
"S2019-08-30",2019-08-30,0.883283875745506,0.0813609455227549,0.617074833309099,0.182620946839655
"S2019-08-30.1",2019-08-30,0.865469386179373,0.180517687966417,0.618290036963333,0.168456456040913
"S2019-09-04",2019-09-04,0.878265412148203,0.0486408872309304,0.634147627979874,0.17532482879549
"S2019-09-04.1",2019-09-04,0.862903311977775,0.175162123036664,0.634936076082392,0.162191864712882
"S2019-09-07",2019-09-07,0.80463455922888,0.179515208545388,0.611932575435853,0.15451045722543
"S2019-09-19",2019-09-19,0.797155889219319,0.112954700565113,0.589929012848392,0.153569945298182
"S2019-09-19.1",2019-09-19,0.782697851585596,0.177407614774271,0.591025015103092,0.141746000684934
"S2019-09-21",2019-09-21,0.854063013051161,0.0939306086101362,0.644198216931993,0.170639877606317
"S2019-09-21.1",2019-09-21,0.839115605823404,0.196986172154382,0.638460322296538,0.155954061504952
"S2020-06-02",2020-06-02,0.766490770796098,0.0867875388266214,0.52337390840486,0.166872046727279
"S2020-06-02.1",2020-06-02,0.750543979028368,0.133317439983335,0.523065753179955,0.15316054233505
"S2020-06-03",2020-06-03,0.807131778095986,0.0805222930049911,0.551605964950207,0.177644988238007
"S2020-06-03.1",2020-06-03,0.79886451478634,0.142384714201764,0.558109411816448,0.165886834794282
"S2020-06-05",2020-06-05,0.819635479814635,0.146539129407498,0.558335946528949,0.16829872300352
"S2020-06-10",2020-06-10,0.893278600808444,0.0753465676423574,0.595455599167605,0.193204067994831
"S2020-06-10.1",2020-06-10,0.875706418265276,0.151269723044701,0.598357715742652,0.180775171399869
"L2020-06-13",2020-06-13,0.911152237750136,0.131608514144705,0.588078441542332,0.195369488674265
"L2020-06-13.1",2020-06-13,0.887861857603458,0.182100546354132,0.590397450703323,0.183483587553479
"S2020-06-13",2020-06-13,0.886069028622399,0.169297121938314,0.602212346762651,0.18331692285342
"S2020-06-15",2020-06-15,0.897025167294093,0.108089221171163,0.579058653808886,0.192999955687598
"S2020-06-15.1",2020-06-15,0.876587751024246,0.161964471235829,0.582217186137067,0.179437562231592
"S2020-06-17",2020-06-17,0.885795855911794,0.110465145451108,0.584745167953611,0.18252103868768
"S2020-06-17.1",2020-06-17,0.869565296646158,0.166526304270019,0.586561702556842,0.170486081410204
"S2020-06-18",2020-06-18,0.901164062817183,0.124249111984086,0.585117224775751,0.194406734412209
"S2020-06-18.1",2020-06-18,0.886512749623565,0.167507295915992,0.590448849802168,0.181542522921993
"S2020-06-20",2020-06-20,0.885293428186896,0.176330480421937,0.611143834488501,0.176187344416726
"L2020-06-22",2020-06-22,0.886751805380038,0.180249241728786,0.594793413974901,0.176383934468698
"L2020-06-22.1",2020-06-22,0.904220772925339,0.136888049347887,0.591931158656679,0.187335729611399
"S2020-06-22",2020-06-22,0.901604277742489,0.150470241400675,0.604778373448201,0.188635780388103
"S2020-06-22.1",2020-06-22,0.888146687585316,0.177769676590575,0.603026667707679,0.174787753985178
"S2020-06-23",2020-06-23,0.901091558200815,0.0984029002987564,0.607252610234521,0.18814847843761
"S2020-06-23.1",2020-06-23,0.889308759274402,0.178238609380329,0.61004054073886,0.175784928609928
"S2020-06-27",2020-06-27,0.894314097146114,0.0922865247012918,0.603463666534425,0.180240128466746
"S2020-06-27.1",2020-06-27,0.880808226343034,0.190866766982961,0.602316762239601,0.167265330721061
"S2020-06-28",2020-06-28,0.894512970247437,0.140161736840776,0.58786606689925,0.18826506594116
"S2020-06-28.1",2020-06-28,0.879420276575836,0.169771760578571,0.588475514697584,0.17451315685066
"L2020-06-29",2020-06-29,0.92808357039933,0.13566351129275,0.612826373498091,0.197328810099511
"L2020-06-29.1",2020-06-29,0.917594991823963,0.183821727972136,0.615445118580371,0.185783874602812
"S2020-07-03",2020-07-03,0.910905458396763,0.175777260487404,0.634627557838166,0.185822677056064
"S2020-07-13",2020-07-13,0.911905232868919,0.176158527361134,0.643034564298835,0.1863242065348
"S2020-07-20",2020-07-20,0.999837418078137,0.113353868686819,0.584065926379626,0.220837099666989
"S2020-08-01",2020-08-01,0.917986200363381,0.166002694280319,0.659800411622211,0.196891727304992
"S2020-08-01.1",2020-08-01,0.91169521318154,0.229213715724306,0.657699096784265,0.180638437002167
"S2020-08-06",2020-08-06,0.905789399529808,0.192411933013618,0.658971129947177,0.182027575547751
"S2020-08-17",2020-08-17,0.916487297866517,0.0783553117755878,0.645183385039089,0.205135621593078
"S2020-08-17.1",2020-08-17,0.910307110725606,0.174764416902608,0.652503334331992,0.191465244392335
"S2020-08-22",2020-08-22,0.914246496171536,0.0137600117494122,0.611212428008555,0.209786336490067
"L2020-09-01",2020-09-01,0.895807286211679,0.211321367824711,0.654454789157166,0.175246224267071
"S2020-09-01",2020-09-01,0.895035794508719,0.192378354313473,0.663636138930187,0.172388173796871
"S2020-09-03",2020-09-03,0.911691818531276,0.141081400164626,0.652122252529315,0.1943283549003
"S2020-09-03.1",2020-09-03,0.900253831420108,0.19033169157655,0.654153198271741,0.181321422945276
"S2020-09-10",2020-09-10,0.795762655354167,0.226270073308013,0.525675094382095,0.153360223812962
"S2020-09-16",2020-09-16,0.880245597023177,0.178386110949738,0.645255179077465,0.176172454073257
"S2020-09-18",2020-09-18,0.802467891492146,0.225481239375469,0.616196857777706,0.14114119875644
"S2020-09-20",2020-09-20,0.882647948820677,0.0487210343366041,0.649326554081742,0.185269921699618
"S2020-09-20.1",2020-09-20,0.863927524322949,0.153030914215677,0.644228122216864,0.167800820032203
"S2020-09-23",2020-09-23,0.87094702821709,0.0313135573692742,0.64925835464006,0.18871322805184
"S2020-09-23.1",2020-09-23,0.858120340704142,0.0667335056331055,0.650851613147368,0.177381953460962
"S2020-09-26",2020-09-26,0.791881966530606,0.138256948490845,0.626595455298558,0.149578680054288
"S2020-09-30",2020-09-30,0.774688063707485,0.157407423376587,0.606461208443684,0.14603920927209
"S2020-09-30.1",2020-09-30,0.741898811448144,0.202597461578164,0.597977430282062,0.130684828436554
"S2021-06-03",2021-06-03,0.849889627742104,0.064388975529493,0.571252634125288,0.193262384131774
"S2021-06-03.1",2021-06-03,0.83598490437903,0.152359520427107,0.578760906430881,0.180927747119025
"S2021-06-05",2021-06-05,0.872883562725278,0.089692895172436,0.578405973398348,0.193656026183
"S2021-06-05.1",2021-06-05,0.846768178227521,0.160405969425158,0.581080586207482,0.180890516054096
"S2021-06-08",2021-06-08,0.751161248577833,0.146295100844482,0.482184859087848,0.136015713105422
"S2021-06-08.1",2021-06-08,0.733254267468245,0.187761540382319,0.479123270776178,0.124846820246414
"L2021-06-09",2021-06-09,0.854703077507898,0.181535707512917,0.579680732376402,0.177360675699884
"L2021-06-09.1",2021-06-09,0.886614170522716,0.12584191426619,0.577168665862365,0.188380800318173
"S2021-06-10",2021-06-10,0.820471556634077,0.134028728525248,0.52638980681745,0.168340091826624
"S2021-06-12",2021-06-12,0.997804021005494,0.000940330587242804,0.279308371962565,0.303100560591224
"L2021-06-25",2021-06-25,0.894735771486831,0.190649878542727,0.638194348196576,0.17970570305307
"S2021-06-25",2021-06-25,0.901865015770086,0.210175147741248,0.640626430901514,0.183756816984959
"S2021-06-27",2021-06-27,0.913602123979982,0.0893525904061559,0.631226141293346,0.197616678115069
"S2021-06-27.1",2021-06-27,0.906446635574111,0.192557806808122,0.636730032563483,0.184649527870672
"S2021-06-30",2021-06-30,0.908490983234584,0.0806003320913076,0.629666874903325,0.195993435535141
"S2021-06-30.1",2021-06-30,0.899437624495639,0.206557207428951,0.633013931099439,0.18257103085965
"L2021-07-02",2021-07-02,0.923109243641577,0.153593775234314,0.634243700551765,0.199053407181416
"L2021-07-02.1",2021-07-02,0.91160649935582,0.204189541954442,0.637045537313265,0.187601813532438
"S2021-07-02",2021-07-02,0.913804421392976,0.137467829845863,0.629801599757271,0.19802245220354
"S2021-07-02.1",2021-07-02,0.907954974255654,0.197498128483713,0.634995311228428,0.185486516426625
"S2021-07-03",2021-07-03,0.915022762912154,0.126252512191274,0.634989752187486,0.200463709425314
"S2021-07-03.1",2021-07-03,0.911518413311317,0.195834541328062,0.642723980552334,0.187809007301679
"S2021-07-05",2021-07-05,0.907619252444341,0.125121230017891,0.630450880065595,0.193292326048643
"S2021-07-05.1",2021-07-05,0.898626435613029,0.215668260338219,0.632560227749483,0.179698528189691
"S2021-07-10",2021-07-10,0.9182063543575,0.116010468672029,0.632478798359162,0.194295486412585
"S2021-07-10.1",2021-07-10,0.909013925086256,0.217092838197083,0.635587659437076,0.180974583586489
"L2021-07-11",2021-07-11,0.872506049348593,0.219200610496898,0.619224273422169,0.172774095676436
"L2021-07-11.1",2021-07-11,0.888196263482926,0.177167214495505,0.616009136806731,0.182831239604277
"S2021-07-13",2021-07-13,0.904727800405624,0.218928232652522,0.650790122069593,0.179950970864539
"L2021-07-18",2021-07-18,0.828110257164162,0.256708658205148,0.544080666463897,0.129473206517972
"S2021-07-18",2021-07-18,0.891764919812633,0.0496024123135651,0.175575081961544,0.156132142152151
"S2021-07-20",2021-07-20,0.892949242199968,0.221763959188592,0.627608803775171,0.178910370190385
"L2021-07-27",2021-07-27,0.879993691712455,0.230968380984254,0.621453995090047,0.164568443574279
"L2021-07-27.1",2021-07-27,0.893316196572901,0.191161375516535,0.618266394556951,0.174634425210904
"S2021-07-27",2021-07-27,0.900586061679294,0.15658913737719,0.642744892449057,0.179358035246635
"S2021-07-27.1",2021-07-27,0.888023431039479,0.252759579081977,0.640187826127558,0.165018273532473
"S2021-07-28",2021-07-28,0.904720275913113,0.151646429796744,0.639134141973158,0.187037552513105
"S2021-07-30",2021-07-30,0.896334852094001,0.142732046922998,0.629812499363491,0.183222159681463
"S2021-07-30.1",2021-07-30,0.884768782752415,0.231911522204982,0.63091282724271,0.170297348815608
"S2021-08-06",2021-08-06,0.899763715500618,0.190945226179665,0.644930498015204,0.180895728742817
"S2021-08-07",2021-08-07,0.913706689846972,0.113753879965057,0.643750726029639,0.198797126903637
"S2021-08-07.1",2021-08-07,0.898882952035452,0.205788198537901,0.643157097063443,0.18309629045002
"S2021-08-14",2021-08-14,0.899645279228929,0.182719854372682,0.647338460610822,0.182785481448572
"L2021-08-28",2021-08-28,0.877926238807661,0.174602573577705,0.630662971210169,0.178391466269559
"L2021-08-28.1",2021-08-28,0.892848365691816,0.103384330088085,0.627800521524179,0.18938883943553
"S2021-08-29",2021-08-29,0.892420537006524,0.11507294685792,0.647016309278124,0.188307472171388
"S2021-08-29.1",2021-08-29,0.883255421075738,0.21649378976326,0.648573596696542,0.174595919314863
"S2021-09-01",2021-09-01,0.882494636911553,0.187612542616403,0.645056827226022,0.179004647166676
"S2021-09-05",2021-09-05,0.893663506634872,0.129273501934823,0.643478549532801,0.185985674249011
"S2021-09-05.1",2021-09-05,0.877301814758801,0.204784582200069,0.641713193406163,0.170675059208362
"S2021-09-11",2021-09-11,0.886801903842517,0.0956607496518286,0.639054490805661,0.190538181198151
"S2021-09-11.1",2021-09-11,0.879750106242924,0.189135351800001,0.642454932354011,0.176377605715977
"L2021-09-29",2021-09-29,0.811370341692269,0.109881538212604,0.634690310760973,0.169657598348372
"L2021-09-29.1",2021-09-29,0.842629482071713,0.0214752567693744,0.631602686767402,0.183290913159734
"S2022-06-07",2022-06-07,0.86289575837337,0.153652567231991,0.590794972558255,0.18079137150268
"S2022-06-08",2022-06-08,0.895092183848351,0.0563978168587022,0.597777375726065,0.200061662122521
"S2022-06-08.1",2022-06-08,0.876477523694988,0.15116029003453,0.606810974608346,0.187253321559332
"L2022-06-11",2022-06-11,0.884754412010805,0.14449488794795,0.604271046036035,0.184639143853881
"L2022-06-11.1",2022-06-11,0.906128957640823,0.0626477566355081,0.601260589136967,0.196924966635791
"L2022-06-12",2022-06-12,0.866945606694561,0.0857142857142857,0.569439759763833,0.18732111718301
"S2022-06-12",2022-06-12,0.869332033154559,0.0562632696390658,0.542462501421007,0.198644347550521
"S2022-06-13",2022-06-13,0.888261120989233,0.164394775279029,0.616989330147799,0.184637643603265
"S2022-06-15",2022-06-15,0.857735586383174,0.174981935382274,0.569958966403618,0.172685149283162
"S2022-06-18",2022-06-18,0.890468906570013,0.176236975394756,0.61739754684803,0.18252493060133
"S2022-06-23",2022-06-23,0.90260451736583,0.191608129633106,0.62734808648478,0.188570609584646
"S2022-06-25",2022-06-25,0.157159392461474,1.44913271838236e-05,0.0386249741677825,0.03364054913023
"L2022-06-27",2022-06-27,0.899662729302848,0.1040723913254,0.60977172922167,0.190524177935333
"L2022-06-27.1",2022-06-27,0.88584159558779,0.18542959972047,0.6130677144824,0.178722843912841
"S2022-06-27",2022-06-27,0.912670007158196,0.0471428571428571,0.625197516130071,0.196132118610927
"S2022-06-27.1",2022-06-27,0.889842558512624,0.191719646505233,0.623463471562087,0.179352767508883
"S2022-06-28",2022-06-28,0.910428931875526,0.0806818181818182,0.628554429354788,0.195730492814162
"S2022-06-28.1",2022-06-28,0.891926746488933,0.194708657447237,0.62617623809876,0.179601397236142
"L2022-06-29",2022-06-29,0.806998925897643,0.507974468155392,0.68212790252858,0.0753058839373328
"S2022-06-30",2022-06-30,0.904310344827586,0.121296813862493,0.627315746337329,0.192416308873014
"S2022-06-30.1",2022-06-30,0.887236534675043,0.214115984895269,0.62843170366296,0.178497239728471
"S2022-07-02",2022-07-02,0.915584415584416,0.141943734015345,0.636321849280957,0.192996035733552
"S2022-07-02.1",2022-07-02,0.897294542872531,0.218721968321615,0.635298185059941,0.178637165392461
"L2022-07-05",2022-07-05,0.901938645566486,0.18438303881043,0.625125232152886,0.184712442694495
"S2022-07-05",2022-07-05,0.905653352618451,0.217684069419203,0.643415089550204,0.18283180668153
"S2022-07-07",2022-07-07,0.891344788204054,0.140347430428382,0.595439172372934,0.188590969580813
"L2022-07-13",2022-07-13,0.914254871144015,0.210718423529823,0.652235679677291,0.184985957753258
"S2022-07-13",2022-07-13,0.915914796552842,0.219731050679941,0.658906453421954,0.186886318795401
"L2022-07-21",2022-07-21,0.915365162852778,0.224838251123768,0.664333514145143,0.181840076166963
"S2022-07-22",2022-07-22,0.782032400589102,0.236787920384351,0.551386231921221,0.12218925549975
"S2022-07-22.1",2022-07-22,0.752156141655001,0.277953056404276,0.55318377420622,0.112393600561779
"S2022-08-02",2022-08-02,0.919758812615955,0.128600823045267,0.672939314394492,0.197921702840572
"S2022-08-02.1",2022-08-02,0.906935639627564,0.232493985537466,0.671367226672627,0.182113443744589
"S2022-08-09",2022-08-09,0.895618237642269,0.227114048251416,0.667908557227009,0.181378131258728
"L2022-08-15",2022-08-15,0.895999868584735,0.19142568178895,0.673770720041651,0.179743888378889
"S2022-08-17",2022-08-17,0.874953940269845,0.241586124766368,0.656406895365251,0.169406256389899
"S2022-08-21",2022-08-21,0.878269139324774,0.199319535015594,0.665301434794908,0.170875032611421
"L2022-08-22",2022-08-22,0.8580375782881,0.113333333333333,0.621490873119835,0.172720731229213
"L2022-08-22.1",2022-08-22,0.839508306386364,0.206279978859942,0.624502858169687,0.160904238202947
"S2022-08-22",2022-08-22,0.861301775147929,0.144640998959417,0.635425698898437,0.174919766597796
"S2022-08-24",2022-08-24,0.911845730027548,0.0655021834061135,0.6777219251567,0.199823602192067
"S2022-08-24.1",2022-08-24,0.89818281250745,0.215857133408507,0.679911010223169,0.184444512584059
"S2022-08-26",2022-08-26,0.908376253727297,0.146025878003697,0.680728886825574,0.196728791323723
"S2022-08-26.1",2022-08-26,0.89543743519105,0.158480761028595,0.680953462626129,0.18093609995423
"S2022-08-27",2022-08-27,0.790536948431685,0.173106646058733,0.515302371270858,0.133517999914874
"S2022-08-29",2022-08-29,0.900880037054192,0.114285714285714,0.669560739306795,0.195959020004101
"S2022-08-29.1",2022-08-29,0.888415043802844,0.215709549790321,0.671484562547276,0.181823882901184
"S2022-09-11",2022-09-11,0.852907337354226,0.198854349583346,0.567236464284902,0.168687195235197
"S2022-09-30",2022-09-30,0.855916030534351,0.138566552901024,0.660606064528953,0.179537224749516
"S2022-09-30.1",2022-09-30,0.822220404148811,0.193066920240593,0.656205638514991,0.162577178889605
"S2023-06-08",2023-06-08,0.784843334062251,0.143830097645737,0.563907167839033,0.155547697345416
"L2023-06-15",2023-06-15,0.858780379263583,0.121254330942017,0.581933787967051,0.181109091178662
"L2023-06-15.1",2023-06-15,0.833692744818102,0.159144537688762,0.584509525121042,0.170133103852874
"S2023-06-15",2023-06-15,0.862356107069442,0.0943695206142233,0.589190757585746,0.186526563424014
"S2023-06-15.1",2023-06-15,0.84224954340262,0.16221213029097,0.591067385295066,0.173638050591705
"L2023-06-16",2023-06-16,0.859135279482356,0.111870180982301,0.582488504961292,0.175253383057471
"L2023-06-16.1",2023-06-16,0.837824524738055,0.184243942512566,0.584973858238814,0.164749510778883
"S2023-06-17",2023-06-17,0.862255967412761,0.126566922887698,0.594293793799266,0.179655550751911
"S2023-06-17.1",2023-06-17,0.841398712600443,0.183065413125294,0.592552435747441,0.16524230312661
"S2023-06-18",2023-06-18,0.877147558363428,0.100033671907737,0.596560640680679,0.189426578074237
"S2023-06-18.1",2023-06-18,0.857211805990018,0.177323892212707,0.597961086954372,0.176422757754387
"S2023-06-20",2023-06-20,0.86592449846568,0.0953809262282597,0.586489981254535,0.186029357050675
"S2023-06-20.1",2023-06-20,0.845659885259833,0.133813457709591,0.588427466322882,0.172705051639632
"S2023-06-22",2023-06-22,0.856962258953871,0.184665665247648,0.60736116684094,0.16803752676707
"S2023-06-27",2023-06-27,0.881030655893583,0.22439673902587,0.625788292320452,0.173016214125518
"S2023-07-10",2023-07-10,0.902550304315471,0.202598853426127,0.647768997836408,0.184529342180442
"S2023-07-12",2023-07-12,0.91099151129269,0.115311886365832,0.649115006706923,0.192714163498166
"S2023-07-12.1",2023-07-12,0.895345654438112,0.235500363213112,0.6485280429958,0.176626773170742
"S2023-07-13",2023-07-13,0.996532904078984,0.00269296428452927,0.473083812098053,0.26467768652523
"S2023-07-18",2023-07-18,0.99605405685334,0.0776917218995945,0.505581018445904,0.236300634051553
"S2023-08-07",2023-08-07,0.908691834505025,0.118357510527094,0.676771315804779,0.198575746727671
"S2023-08-07.1",2023-08-07,0.905002298211444,0.230158292496669,0.677463174547774,0.183320821928167
"L2023-08-09",2023-08-09,0.889056598418397,0.131681868959153,0.653473333971802,0.186350439099524
"L2023-08-09.1",2023-08-09,0.876630868226237,0.211760725223988,0.657172329837796,0.17387021419102
"S2023-08-09",2023-08-09,0.894526372689841,0.129356158074119,0.665125420673281,0.189937460483238
"S2023-08-09.1",2023-08-09,0.87882505316298,0.240995196568737,0.667396430514462,0.175690759142779
"S2023-08-21",2023-08-21,0.891851404546015,0.217504533349738,0.677355971292648,0.180362790615557
"S2023-08-27",2023-08-27,0.886363635004133,0.125358871119393,0.669805580555462,0.190461806749417
"S2023-08-27.1",2023-08-27,0.881193153846292,0.226123609788176,0.66876413569397,0.17513745839846
"S2023-09-06",2023-09-06,0.29287509685147,0.0109716149156198,0.126982708270901,0.0525494328838231
"S2023-09-15",2023-09-15,0.867090839733875,0.150869325633871,0.653586799629208,0.174310378529953
"S2023-09-15.1",2023-09-15,0.844547546275847,0.208130423917402,0.647732574127605,0.158476439694682
